Model,ECE,Brier,Refusal Correctness,Overconfidence Rate,Underconfidence Rate,Trust Alignment Score
trustsoc_derg,0.1411053581655911,0.05740408542257707,0.9887640449438202,0.00034698126301179735,0.04371963913948647,0.7360664734660678
