{
  "model_name": "trustsoc_derg",
  "status": "trained",
  "dataset_rows": {
    "train": 23049,
    "val": 2881,
    "test": 2882
  },
  "threat_type": {
    "accuracy": 0.9781401804302567,
    "precision_macro": 0.8869097940944896,
    "recall_macro": 0.9786453550730092,
    "f1_macro": 0.9010542752392354,
    "precision_weighted": 0.9836302111862363,
    "recall_weighted": 0.9781401804302567,
    "f1_weighted": 0.9803512272356963,
    "confusion_matrix": [
      [
        585,
        0,
        0,
        0,
        0,
        0,
        0,
        0,
        0,
        0,
        0,
        0,
        0,
        0
      ],
      [
        0,
        116,
        0,
        0,
        0,
        0,
        0,
        1,
        0,
        0,
        0,
        1,
        0,
        28
      ],
      [
        0,
        0,
        194,
        0,
        0,
        0,
        0,
        0,
        0,
        0,
        0,
        0,
        0,
        0
      ],
      [
        0,
        0,
        0,
        390,
        0,
        0,
        0,
        0,
        0,
        0,
        0,
        0,
        0,
        0
      ],
      [
        0,
        0,
        0,
        0,
        9,
        0,
        0,
        0,
        0,
        0,
        0,
        0,
        0,
        0
      ],
      [
        0,
        0,
        0,
        0,
        0,
        39,
        0,
        0,
        0,
        0,
        0,
        0,
        0,
        0
      ],
      [
        0,
        0,
        0,
        0,
        0,
        1,
        1131,
        0,
        0,
        0,
        2,
        0,
        16,
        2
      ],
      [
        0,
        0,
        0,
        0,
        0,
        0,
        0,
        10,
        0,
        0,
        0,
        0,
        0,
        0
      ],
      [
        1,
        0,
        0,
        0,
        0,
        0,
        0,
        0,
        24,
        0,
        0,
        0,
        0,
        0
      ],
      [
        0,
        0,
        0,
        0,
        0,
        0,
        0,
        0,
        0,
        5,
        0,
        0,
        0,
        0
      ],
      [
        0,
        0,
        0,
        0,
        0,
        0,
        0,
        0,
        0,
        0,
        7,
        0,
        0,
        0
      ],
      [
        0,
        0,
        0,
        0,
        0,
        0,
        0,
        0,
        0,
        0,
        0,
        7,
        0,
        0
      ],
      [
        0,
        0,
        0,
        0,
        0,
        0,
        0,
        0,
        0,
        0,
        0,
        0,
        1,
        0
      ],
      [
        0,
        11,
        0,
        0,
        0,
        0,
        0,
        0,
        0,
        0,
        0,
        0,
        0,
        301
      ]
    ],
    "labels": [
      "BENIGN",
      "BRUTE FORCE",
      "COMMAND INJECTION",
      "DATA EXFILTRATION",
      "LOG4J JNDI",
      "MALWARE",
      "OTHER",
      "PATH TRAVERSAL",
      "PRIVILEGE ESCALATION",
      "REMOTE FILE INCLUSION",
      "SCANNER",
      "SQL INJECTION",
      "VULNERABILITY",
      "XSS"
    ]
  },
  "severity": {
    "accuracy": 0.991325468424705,
    "precision_macro": 0.9535443026578145,
    "recall_macro": 0.9865664195451274,
    "f1_macro": 0.9693118649538858,
    "precision_weighted": 0.9917780681405471,
    "recall_weighted": 0.991325468424705,
    "f1_weighted": 0.9914531405215325,
    "confusion_matrix": [
      [
        38,
        1,
        0,
        0
      ],
      [
        5,
        898,
        0,
        0
      ],
      [
        0,
        0,
        1697,
        16
      ],
      [
        0,
        0,
        3,
        224
      ]
    ],
    "labels": [
      "CRITICAL",
      "HIGH",
      "LOW",
      "MEDIUM"
    ]
  },
  "label": {
    "accuracy": 0.9927133934767522,
    "precision_macro": 0.9919960363981466,
    "recall_macro": 0.9929195898920198,
    "f1_macro": 0.9924513146464228,
    "precision_weighted": 0.9927323425316588,
    "recall_weighted": 0.9927133934767522,
    "f1_weighted": 0.9927168097743544,
    "confusion_matrix": [
      [
        1162,
        7
      ],
      [
        14,
        1699
      ]
    ],
    "labels": [
      "adversarial",
      "normal"
    ]
  },
  "risk_score": {
    "mae": 0.33729392865066476,
    "rmse": 1.9489707042199684,
    "mape": 0.9058932427112097,
    "r2": 0.9930546367021639,
    "exact_accuracy": 0.9923664122137404
  },
  "calibration": {
    "coverage": 0.8469812630117973,
    "accept_precision": 0.9995903318312167,
    "refusal_correctness": 0.9887640449438202,
    "trust_correctness_correlation": 0.530413264433191,
    "overconfidence_rate": 0.00034698126301179735,
    "underconfidence_rate": 0.04371963913948647,
    "adversarial_overconfidence_penalty": 0.0,
    "consistency_alignment": 0.050298344906379695,
    "trust_alignment_score": 0.7360664734660678,
    "ece": 0.1411053581655911,
    "ace": 0.14110535816559108,
    "brier": 0.05740408542257707,
    "aurc": -0.191047566170338,
    "best_coverage_at_95_accuracy": 1.0,
    "reliability_diagram": {
      "midpoints": [
        0.03333333333333333,
        0.1,
        0.16666666666666669,
        0.23333333333333334,
        0.3,
        0.3666666666666667,
        0.43333333333333335,
        0.5,
        0.5666666666666667,
        0.6333333333333333,
        0.7,
        0.7666666666666666,
        0.8333333333333334,
        0.9,
        0.9666666666666667
      ],
      "accuracies": [
        0.5094339622641509,
        0.7894736842105263,
        0.8,
        0.7058823529411765,
        0.8823529411764706,
        0.8571428571428571,
        0.7619047619047619,
        0.8918918918918919,
        0.9090909090909091,
        0.9318181818181818,
        0.9361702127659575,
        0.972972972972973,
        0.9992548435171386,
        1.0,
        1.0
      ],
      "confidences": [
        0.016462168845308822,
        0.098782577020141,
        0.17473768934476658,
        0.23136800387474385,
        0.3031958835013507,
        0.36452584053911763,
        0.4356209534483257,
        0.5027096809157278,
        0.5668294772151602,
        0.6356013278084053,
        0.6958317729200182,
        0.7670197692529962,
        0.845813882207534,
        0.9058027494841698,
        0.971473376003232
      ],
      "counts": [
        106,
        19,
        15,
        17,
        17,
        21,
        21,
        37,
        33,
        44,
        47,
        37,
        1342,
        17,
        1109
      ]
    },
    "threshold": 0.825,
    "refusal_accuracy": 0.0,
    "escalation_accuracy": 0.08108108108108109,
    "trust_risk_alignment": 0.008738851086300157
  },
  "joint_exact_match": 0.9691186675919501,
  "expected_action_accuracy": 0.7529493407356003,
  "expected_action_head_accuracy": 0.993060374739764,
  "efficiency": {
    "train_time_seconds": 84.57460620001075,
    "total_inference_seconds": 4.388878899990232,
    "average_latency_seconds_per_sample": 0.0015228587439244385,
    "feature_count": 22021,
    "parameter_count": 3339903,
    "device": "cuda"
  },
  "architecture": {
    "embed_dim": 128,
    "ff_dim": 256,
    "num_layers": 2,
    "dropout": 0.1,
    "nhead": 4,
    "max_len": 144
  },
  "explainability": {
    "trust_meta_feature_names": [
      "confidence",
      "uncertainty",
      "reliability",
      "contradiction",
      "adversarial_noise",
      "risk_score",
      "cti_match_score",
      "evidence_consistency",
      "threat_margin",
      "severity_margin",
      "label_margin",
      "min_margin",
      "max_margin"
    ]
  }
}